{
  "project_info": {
    "project_number": "479662992464",
    "firebase_url": "https://aeonpaytest.firebaseio.com",
    "project_id": "aeonpaytest",
    "storage_bucket": "aeonpaytest.appspot.com"
  },
  "client": [
    {
      "client_info": {
        "mobilesdk_app_id": "1:479662992464:android:d0d95900bbfb13f9",
        "android_client_info": {
          "package_name": "com.aeoncredit.aeonpay"
        }
      },
      "oauth_client": [
        {
          "client_id": "479662992464-e7r5niftmv2dcfkfl1m12c5lc5tmt3v7.apps.googleusercontent.com",
          "client_type": 3
        }
      ],
      "api_key": [
        {
          "current_key": "AIzaSyCDOPLM6-2RKLmEkKQEpAF8e87iTQctSMs"
        }
      ],
      "services": {
        "analytics_service": {
          "status": 1
        },
        "appinvite_service": {
          "status": 1,
          "other_platform_oauth_client": []
        },
        "ads_service": {
          "status": 2
        }
      }
    }
  ],
  "configuration_version": "1"
}